"Region","Gender","Year","VerySatisfied","SlightlySatisfied","SatisfiedRate","Neutral","SlightlyDissatisfied","VeryDissatisfied","DissatisfiedRate","SatisfactionScore","SuicideRate"
"전국","Total","2020","14.1","28.6","42.7","44.9","10.2","2.3","12.5","3.423","25.7"
"전국","Total","2021","9.8","24.2","34","43.1","18.1","4.8","22.9","3.161","26"
"전국","Total","2022","12.1","31.2","43.3","42.6","11.6","2.5","14.1","3.388","25.2"
"전국","Total","2023","11.9","30.3","42.2","43.3","11.5","3","14.5","3.366","27.3"
"전국","Total","2024","11.5","28.6","40.1","47.2","10.5","2.2","12.7","3.367","29.1"
"전국","Male","2020","15.2","28.3","43.5","44.6","9.5","2.3","11.8","3.443","35.5"
"전국","Male","2021","10.2","23.6","33.8","42.8","18.2","5.3","23.5","3.155","35.9"
"전국","Male","2022","12.6","30.8","43.4","42.4","11.4","2.7","14.1","3.389","35.3"
"전국","Male","2023","12.4","30.1","42.5","43","11.3","3.3","14.6","3.373","38.3"
"전국","Male","2024","11.9","28.6","40.5","47.1","10.1","2.3","12.4","3.377","41.8"
"전국","Female","2020","13","28.9","41.9","45.1","10.8","2.2","13","3.397","15.9"
"전국","Female","2021","9.5","24.8","34.3","43.4","18.1","4.3","22.4","3.174","16.2"
"전국","Female","2022","11.6","31.6","43.2","42.7","11.7","2.3","14","3.382","15.1"
"전국","Female","2023","11.5","30.5","42","43.6","11.8","2.7","14.5","3.366","16.5"
"전국","Female","2024","11.1","28.6","39.7","47.3","10.9","2.2","13.1","3.358","16.6"
"서울특별시","Total","2020","15.5","30.9","46.4","40.4","10.7","2.5","13.2","3.462","22.7"
"서울특별시","Total","2021","9.3","24.8","34.1","42.3","18.1","5.5","23.6","3.143","22.6"
"서울특별시","Total","2022","11.7","31.5","43.2","41.9","12","2.9","14.9","3.371","21.4"
"서울특별시","Total","2023","11.4","30.5","41.9","43.3","11.8","3.1","14.9","3.356","23.2"
"서울특별시","Total","2024","12.4","33.9","46.3","41.8","9.3","2.6","11.9","3.442","24.1"
"서울특별시","Male","2020","17.5","30.3","47.8","40.9","9","2.4","11.4","3.518","30.3"
"서울특별시","Male","2021","9.5","23.5","33","42","19","6","25","3.115","30.5"
"서울특별시","Male","2022","13","30.7","43.7","41.3","11.8","3.2","15","3.385","28.9"
"서울특별시","Male","2023","11.4","29.9","41.3","43.9","11.4","3.4","14.8","3.345","31.2"
"서울특별시","Male","2024","12.9","33.1","46","42.2","8.9","2.8","11.7","3.441","33.9"
"서울특별시","Female","2020","13.7","31.5","45.2","39.9","12.3","2.7","15","3.415","15.4"
"서울특별시","Female","2021","9.1","26","35.1","42.6","17.3","5","22.3","3.169","15"
"서울특별시","Female","2022","10.5","32.3","42.8","42.5","12.2","2.6","14.8","3.362","14.4"
"서울특별시","Female","2023","11.4","30.9","42.3","42.8","12.1","2.8","14.9","3.36","15.6"
"서울특별시","Female","2024","12","34.6","46.6","41.4","9.6","2.5","12.1","3.443","14.9"
"부산광역시","Total","2020","13.5","26.6","40.1","46.1","11.3","2.5","13.8","3.373","27.4"
"부산광역시","Total","2021","6.8","24.3","31.1","46.4","16.6","5.9","22.5","3.095","27.7"
"부산광역시","Total","2022","10.8","30.2","41","43.7","12.5","2.7","15.2","3.336","27.3"
"부산광역시","Total","2023","10.2","30.3","40.5","44.2","12.3","3","15.3","3.324","29.1"
"부산광역시","Total","2024","12.1","25.4","37.5","47.5","12","3","15","3.316","30.3"
"부산광역시","Male","2020","14.6","25.4","40","47.5","10.7","1.9","12.6","3.404","38.8"
"부산광역시","Male","2021","6.9","23.4","30.3","46.6","16.5","6.5","23","3.074","37.9"
"부산광역시","Male","2022","11","29.8","40.8","43.8","12.6","2.8","15.4","3.336","39.1"
"부산광역시","Male","2023","10.7","29.3","40","44.3","11.9","3.7","15.6","3.311","42.7"
"부산광역시","Male","2024","13","24.7","37.7","48.6","10.6","3.1","13.7","3.339","42.7"
"부산광역시","Female","2020","12.6","27.7","40.3","44.8","11.8","3.1","14.9","3.349","16.4"
"부산광역시","Female","2021","6.7","25.1","31.8","46.3","16.7","5.3","22","3.115","17.9"
"부산광역시","Female","2022","10.6","30.7","41.3","43.7","12.4","2.6","15","3.343","16"
"부산광역시","Female","2023","9.7","31.3","41","44","12.7","2.3","15","3.334","16.2"
"부산광역시","Female","2024","11.3","25.9","37.2","46.5","13.3","3","16.3","3.292","18.5"
"대구광역시","Total","2020","9.7","23.5","33.2","51.1","13.7","2.1","15.8","3.253","26.1"
"대구광역시","Total","2021","9.4","21.6","31","46","19.6","3.5","23.1","3.141","26.3"
"대구광역시","Total","2022","11.4","29.8","41.2","43.8","12.8","2.2","15","3.354","27"
"대구광역시","Total","2023","11.2","26.4","37.6","45.2","14.2","3.1","17.3","3.287","28.1"
"대구광역시","Total","2024","9.2","26.9","36.1","42.6","18.9","2.5","21.4","3.217","29.4"
"대구광역시","Male","2020","9.9","24","33.9","50","13.9","2.2","16.1","3.255","35.8"
"대구광역시","Male","2021","8.8","21.5","30.3","45.6","20.2","3.8","24","3.11","38.2"
"대구광역시","Male","2022","12.5","30.5","43","41.5","12.7","2.9","15.6","3.373","39.1"
"대구광역시","Male","2023","11.5","25.7","37.2","45.2","14","3.6","17.6","3.275","39.1"
"대구광역시","Male","2024","8.5","28.1","36.6","42.1","18.3","3","21.3","3.208","40.2"
"대구광역시","Female","2020","9.5","22.9","32.4","52.1","13.5","2.1","15.6","3.245","16.6"
"대구광역시","Female","2021","10","21.6","31.6","46.3","19","3.1","22.1","3.164","14.7"
"대구광역시","Female","2022","10.4","29.1","39.5","46","12.9","1.6","14.5","3.338","15.2"
"대구광역시","Female","2023","10.8","27","37.8","45.2","14.4","2.5","16.9","3.289","17.4"
"대구광역시","Female","2024","9.9","25.7","35.6","43","19.4","2.1","21.5","3.222","19"
"인천광역시","Total","2020","14.6","27.8","42.4","45.1","9.5","3","12.5","3.415","26.5"
"인천광역시","Total","2021","10.3","20.8","31.1","45.9","17.3","5.7","23","3.127","25.9"
"인천광역시","Total","2022","11.9","27.4","39.3","45.7","11.5","3.5","15","3.327","25.8"
"인천광역시","Total","2023","12.6","27.2","39.8","46.2","10.4","3.5","13.9","3.347","28.8"
"인천광역시","Total","2024","9.5","18.5","28","58.3","11.6","2.2","13.8","3.218","31.2"
"인천광역시","Male","2020","15.3","27.4","42.7","45.7","8.8","2.8","11.6","3.436","37"
"인천광역시","Male","2021","11.3","19.7","31","45.3","17.8","6.1","23.9","3.129","34.5"
"인천광역시","Male","2022","12.2","24.1","36.3","47.3","11.6","4.8","16.4","3.273","35"
"인천광역시","Male","2023","12.9","25.5","38.4","47.4","10.6","3.6","14.2","3.335","40.8"
"인천광역시","Male","2024","10.5","18.5","29","57.5","10.9","2.6","13.5","3.234","45.9"
"인천광역시","Female","2020","13.8","28.1","41.9","44.6","10.3","3.2","13.5","3.39","15.9"
"인천광역시","Female","2021","9.4","21.8","31.2","46.5","16.8","5.4","22.2","3.127","17.3"
"인천광역시","Female","2022","11.7","30.8","42.5","44","11.4","2.1","13.5","3.386","16.6"
"인천광역시","Female","2023","12.3","28.9","41.2","45.1","10.3","3.4","13.7","3.364","16.8"
"인천광역시","Female","2024","8.5","18.5","27","59","12.3","1.7","14","3.198","16.6"
"광주광역시","Total","2020","15.5","27.9","43.4","46.4","7.8","2.5","10.3","3.464","22.6"
"광주광역시","Total","2021","10.3","27.8","38.1","42.5","15.3","4.2","19.5","3.25","26.4"
"광주광역시","Total","2022","14.1","32.1","46.2","40.9","10.8","2.1","12.9","3.453","25"
"광주광역시","Total","2023","11.4","31.6","43","44.2","10.2","2.5","12.7","3.389","27.3"
"광주광역시","Total","2024","13.2","27.5","40.7","48.6","8.9","1.9","10.8","3.415","29.9"
"광주광역시","Male","2020","17.5","26.2","43.7","46.7","6.5","3.1","9.6","3.485","31.1"
"광주광역시","Male","2021","11.6","27.8","39.4","39.5","15.7","5.5","21.2","3.246","38"
"광주광역시","Male","2022","17.1","30.3","47.4","40.1","10.4","2.2","12.6","3.5","37.3"
"광주광역시","Male","2023","11.7","30.2","41.9","45.7","9.6","2.7","12.3","3.383","39.5"
"광주광역시","Male","2024","14","27.8","41.8","47.6","8.7","1.9","10.6","3.433","44.2"
"광주광역시","Female","2020","13.5","29.4","42.9","46","9.1","1.9","11","3.432","14.2"
"광주광역시","Female","2021","9","27.8","36.8","45.4","14.8","3","17.8","3.25","15.1"
"광주광역시","Female","2022","11.2","33.9","45.1","41.7","11.1","2","13.1","3.409","13"
"광주광역시","Female","2023","11.2","33","44.2","42.8","10.8","2.2","13","3.402","15.4"
"광주광역시","Female","2024","12.5","27.1","39.6","49.5","9.1","1.9","11","3.395","16"
"대전광역시","Total","2020","14.5","26.8","41.3","46","10.8","1.8","12.6","3.411","27.2"
"대전광역시","Total","2021","9.5","30.2","39.7","38.7","17.4","4.2","21.6","3.234","29.3"
"대전광역시","Total","2022","13.8","37.5","51.3","37.2","9.5","2","11.5","3.516","25.7"
"대전광역시","Total","2023","14.6","34.4","49","39.2","9.5","2.3","11.8","3.495","26.4"
"대전광역시","Total","2024","16","31.2","47.2","43.2","8.1","1.5","9.6","3.521","31.2"
"대전광역시","Male","2020","17","26.8","43.8","44","9.8","2.4","12.2","3.462","37.9"
"대전광역시","Male","2021","7.6","30.4","38","39.8","17.4","4.8","22.2","3.186","39.8"
"대전광역시","Male","2022","14.8","34.5","49.3","39.2","10","1.6","11.6","3.512","33.1"
"대전광역시","Male","2023","14.9","34.1","49","37.6","10.4","3","13.4","3.475","35"
"대전광역시","Male","2024","17.1","30.9","48","41.2","9.5","1.4","10.9","3.531","41.7"
"대전광역시","Female","2020","12.1","26.9","39","48","11.8","1.3","13.1","3.37","16.5"
"대전광역시","Female","2021","11.4","30","41.4","37.7","17.3","3.6","20.9","3.283","18.8"
"대전광역시","Female","2022","12.8","40.6","53.4","35.2","9","2.4","11.4","3.524","18.4"
"대전광역시","Female","2023","14.3","34.7","49","40.7","8.6","1.6","10.2","3.512","17.9"
"대전광역시","Female","2024","14.9","31.5","46.4","45.3","6.7","1.5","8.2","3.513","20.8"
"울산광역시","Total","2020","11.5","29.2","40.7","48.4","9.4","1.4","10.8","3.397","26.4"
"울산광역시","Total","2021","13.2","23.3","36.5","39.6","18.3","5.6","23.9","3.202","28.5"
"울산광역시","Total","2022","12.7","28.9","41.6","41.7","13.1","3.7","16.8","3.341","26.3"
"울산광역시","Total","2023","11","30.4","41.4","41.4","14","3.2","17.2","3.32","32.7"
"울산광역시","Total","2024","13.4","27.2","40.6","49.6","8.1","1.7","9.8","3.425","29.2"
"울산광역시","Male","2020","11.6","27.7","39.3","49.9","9.1","1.7","10.8","3.384","36.7"
"울산광역시","Male","2021","11.9","23.9","35.8","38.4","19.7","6","25.7","3.157","40.7"
"울산광역시","Male","2022","12.3","28.9","41.2","40.8","14","4.1","18.1","3.316","36.1"
"울산광역시","Male","2023","9.8","34.6","44.4","38.2","13.9","3.5","17.4","3.333","46.8"
"울산광역시","Male","2024","14.7","25.8","40.5","49.9","7.9","1.7","9.6","3.439","41.1"
"울산광역시","Female","2020","11.5","30.9","42.4","46.8","9.8","1.1","10.9","3.422","15.6"
"울산광역시","Female","2021","14.6","22.6","37.2","40.8","16.7","5.3","22","3.245","15.5"
"울산광역시","Female","2022","13.1","29","42.1","42.7","12.1","3.2","15.3","3.37","16.1"
"울산광역시","Female","2023","12.3","25.8","38.1","44.8","14.1","3","17.1","3.303","17.9"
"울산광역시","Female","2024","12.1","28.7","40.8","49.2","8.4","1.7","10.1","3.414","16.7"
"세종특별자치시","Total","2020","25.2","33.5","58.7","33","6.8","1.6","8.4","3.742","18.4"
"세종특별자치시","Total","2021","16","30.1","46.1","34.8","15","4.1","19.1","3.389","19"
"세종특별자치시","Total","2022","17.9","34.9","52.8","36.5","9.3","1.4","10.7","3.586","23.3"
"세종특별자치시","Total","2023","15.9","37.4","53.3","35.1","9.3","2.2","11.5","3.552","20"
"세종특별자치시","Total","2024","16.5","26.3","42.8","36.4","17.4","3.4","20.8","3.351","23"
"세종특별자치시","Male","2020","26.6","32.8","59.4","32.6","6.5","1.5","8","3.765","18.5"
"세종특별자치시","Male","2021","17.2","27.7","44.9","36","14.2","4.9","19.1","3.381","24.3"
"세종특별자치시","Male","2022","19.3","34.6","53.9","36.9","7.8","1.4","9.2","3.626","34"
"세종특별자치시","Male","2023","16.7","36.1","52.8","35.9","9","2.2","11.2","3.558","22.5"
"세종특별자치시","Male","2024","17.9","24.9","42.8","35.9","17.4","4","21.4","3.356","29"
"세종특별자치시","Female","2020","23.7","34.2","57.9","33.3","7","1.7","8.7","3.709","18.4"
"세종특별자치시","Female","2021","14.8","32.5","47.3","33.5","15.9","3.3","19.2","3.396","13.8"
"세종특별자치시","Female","2022","16.5","35.2","51.7","36.1","10.7","1.4","12.1","3.544","12.7"
"세종특별자치시","Female","2023","15.2","38.6","53.8","34.3","9.7","2.2","11.9","3.549","17.6"
"세종특별자치시","Female","2024","15.2","27.6","42.8","36.9","17.5","2.8","20.3","3.349","16.9"
"경기도","Total","2020","15.2","29.1","44.3","43.3","9.8","2.6","12.4","3.445","23.7"
"경기도","Total","2021","10","23.3","33.3","41","20.5","5.2","25.7","3.124","23.6"
"경기도","Total","2022","12.4","30.2","42.6","42.9","11.8","2.7","14.5","3.378","23.1"
"경기도","Total","2023","11.8","29.5","41.3","43.1","12.3","3.3","15.6","3.342","25.1"
"경기도","Total","2024","10.3","25.4","35.7","51.4","10.7","2.3","13","3.31","28.2"
"경기도","Male","2020","15.8","29.1","44.9","42.6","9.8","2.7","12.5","3.455","32.3"
"경기도","Male","2021","10.4","22.7","33.1","41.1","20.4","5.5","25.9","3.124","31.3"
"경기도","Male","2022","11.6","30.9","42.5","43.1","11.6","2.7","14.3","3.368","31.4"
"경기도","Male","2023","12.2","29.2","41.4","43.1","11.7","3.7","15.4","3.342","35.1"
"경기도","Male","2024","10.5","25.6","36.1","51.9","10","2.1","12.1","3.327","39.5"
"경기도","Female","2020","14.5","29.2","43.7","44","9.9","2.4","12.3","3.435","14.9"
"경기도","Female","2021","9.6","23.9","33.5","41","20.6","4.9","25.5","3.127","15.7"
"경기도","Female","2022","13.2","29.5","42.7","42.7","11.9","2.6","14.5","3.385","14.6"
"경기도","Female","2023","11.5","29.7","41.2","43.1","12.9","2.8","15.7","3.342","15.1"
"경기도","Female","2024","10.2","25.1","35.3","50.9","11.3","2.4","13.7","3.291","16.7"
"강원특별자치도","Total","2020","13.9","31.9","45.8","42.3","9.4","2.5","11.9","3.453","33.2"
"강원특별자치도","Total","2021","12.2","25.3","37.5","43.6","15","4","19","3.27","32.7"
"강원특별자치도","Total","2022","13.7","31.9","45.6","40.3","12.1","2","14.1","3.432","33.1"
"강원특별자치도","Total","2023","14.1","33","47.1","40.3","10.7","1.8","12.5","3.466","34.7"
"강원특별자치도","Total","2024","12.1","30.1","42.2","47.7","8.5","1.7","10.2","3.427","34.3"
"강원특별자치도","Male","2020","13.8","33.1","46.9","42.2","8.4","2.5","10.9","3.473","45.6"
"강원특별자치도","Male","2021","13.6","23.4","37","43.8","15","4.1","19.1","3.271","45.4"
"강원특별자치도","Male","2022","15.5","31.8","47.3","39","11.8","1.9","13.7","3.472","47.5"
"강원특별자치도","Male","2023","15.7","33.2","48.9","39.1","10.4","1.6","12","3.51","50.7"
"강원특별자치도","Male","2024","12.4","32.2","44.6","46.5","7.5","1.5","9","3.468","52.3"
"강원특별자치도","Female","2020","13.9","30.7","44.6","42.4","10.3","2.6","12.9","3.427","20.7"
"강원특별자치도","Female","2021","10.8","27.2","38","43.3","14.9","3.8","18.7","3.263","19.9"
"강원특별자치도","Female","2022","11.9","32","43.9","41.5","12.5","2.1","14.6","3.391","18.5"
"강원특별자치도","Female","2023","12.5","32.9","45.4","41.5","11.1","2","13.1","3.428","18.6"
"강원특별자치도","Female","2024","11.8","28","39.8","48.8","9.5","1.9","11.4","3.383","16.2"
"충청북도","Total","2020","12.4","28.1","40.5","46.8","10.4","2.4","12.8","3.38","27.1"
"충청북도","Total","2021","11","24.5","35.5","46.2","14.8","3.4","18.2","3.246","31.8"
"충청북도","Total","2022","11.4","31.2","42.6","43.2","11.6","2.6","14.2","3.372","29"
"충청북도","Total","2023","13.5","31.8","45.3","39.9","11.6","3.2","14.8","3.408","33.3"
"충청북도","Total","2024","13","27.7","40.7","47","10","2.2","12.2","3.39","31.8"
"충청북도","Male","2020","13.1","27.8","40.9","47.4","9.9","1.7","11.6","3.404","38.5"
"충청북도","Male","2021","11.4","24.9","36.3","46.5","13.5","3.7","17.2","3.268","44.5"
"충청북도","Male","2022","11.5","30.2","41.7","44","11.6","2.6","14.2","3.361","38.3"
"충청북도","Male","2023","13.3","30.8","44.1","41.1","11.2","3.6","14.8","3.39","45.3"
"충청북도","Male","2024","12.4","28.1","40.5","47.2","10","2.3","12.3","3.383","46.7"
"충청북도","Female","2020","11.6","28.3","39.9","46.1","10.9","3.1","14","3.344","15.4"
"충청북도","Female","2021","10.6","24.1","34.7","46","16.3","3.1","19.4","3.231","18.7"
"충청북도","Female","2022","11.3","32.1","43.4","42.4","11.6","2.5","14.1","3.378","19.4"
"충청북도","Female","2023","13.6","32.8","46.4","38.8","12.1","2.7","14.8","3.425","20.8"
"충청북도","Female","2024","13.6","27.4","41","46.9","10.1","2.1","12.2","3.406","16.4"
"충청남도","Total","2020","12.1","24.7","36.8","52.8","8.9","1.4","10.3","3.369","34.7"
"충청남도","Total","2021","12.4","27.8","40.2","41.7","15.3","2.8","18.1","3.317","32.2"
"충청남도","Total","2022","15.2","32.3","47.5","43.1","7.7","1.7","9.4","3.516","33.2"
"충청남도","Total","2023","15.1","30","45.1","43.3","9.4","2.3","11.7","3.465","36.5"
"충청남도","Total","2024","16.3","30.7","47","46.7","4.9","1.3","6.2","3.555","34.8"
"충청남도","Male","2020","13.2","24.4","37.6","51","9.8","1.7","11.5","3.379","47.9"
"충청남도","Male","2021","14","28.7","42.7","39.4","14.7","3.2","17.9","3.356","45"
"충청남도","Male","2022","16.1","30.7","46.8","43.9","7.6","1.7","9.3","3.519","48.3"
"충청남도","Male","2023","17","29.2","46.2","43.1","8.3","2.3","10.6","3.5","50"
"충청남도","Male","2024","17.2","31.2","48.4","44.5","5.2","1.8","7","3.565","51.1"
"충청남도","Female","2020","11.1","25","36.1","54.8","8","1.1","9.1","3.37","21"
"충청남도","Female","2021","10.8","26.8","37.6","44.1","15.9","2.4","18.3","3.277","18.8"
"충청남도","Female","2022","14.4","33.9","48.3","42.3","7.8","1.7","9.5","3.518","17.3"
"충청남도","Female","2023","13","30.8","43.8","43.4","10.5","2.2","12.7","3.416","22.2"
"충청남도","Female","2024","15.3","30.3","45.6","49.1","4.6","0.7","5.3","3.549","17.6"
"전북특별자치도","Total","2020","12.4","28.7","41.1","46.6","10.3","2","12.3","3.392","27.8"
"전북특별자치도","Total","2021","10.5","27.7","38.2","42.9","15.7","3.2","18.9","3.266","28.5"
"전북특별자치도","Total","2022","11","32.8","43.8","43.5","10.1","2.5","12.6","3.394","26.1"
"전북특별자치도","Total","2023","11.8","35.3","47.1","37.5","11.4","3.9","15.3","3.394","25.6"
"전북특별자치도","Total","2024","10.6","34.2","44.8","41","11.1","3","14.1","3.38","32.3"
"전북특별자치도","Male","2020","13.9","27.9","41.8","44.5","11.4","2.4","13.8","3.398","41.7"
"전북특별자치도","Male","2021","10.5","28.8","39.3","41.5","14.9","4.3","19.2","3.263","42.5"
"전북특별자치도","Male","2022","11","33.4","44.4","43","9.1","3.5","12.6","3.393","38.5"
"전북특별자치도","Male","2023","12.6","35","47.6","36.7","11.7","4","15.7","3.405","37.4"
"전북특별자치도","Male","2024","10.3","34.4","44.7","40.9","11.2","3.3","14.5","3.375","45.7"
"전북특별자치도","Female","2020","11","29.5","40.5","48.8","9.2","1.6","10.8","3.394","14"
"전북특별자치도","Female","2021","10.5","26.6","37.1","44.2","16.5","2.2","18.7","3.267","14.6"
"전북특별자치도","Female","2022","11.1","32.3","43.4","44.1","11.1","1.4","12.5","3.406","13.8"
"전북특별자치도","Female","2023","11.1","35.7","46.8","38.2","11.1","3.9","15","3.39","13.8"
"전북특별자치도","Female","2024","11","34.1","45.1","41.2","11","2.8","13.8","3.398","19"
"전라남도","Total","2020","14.2","26.7","40.9","49.3","8.2","1.5","9.7","3.436","28.5"
"전라남도","Total","2021","11.6","25.9","37.5","44.3","14.6","3.5","18.1","3.272","30.2"
"전라남도","Total","2022","12.2","32.5","44.7","41.6","11.4","2.3","13.7","3.409","26.6"
"전라남도","Total","2023","13.5","28.5","42","46.7","9.1","2.2","11.3","3.42","29.2"
"전라남도","Total","2024","10.3","29.9","40.2","45.4","12.6","1.8","14.4","3.343","34.5"
"전라남도","Male","2020","16.3","28.1","44.4","46.9","7","1.7","8.7","3.503","41.3"
"전라남도","Male","2021","12.6","25.2","37.8","43.4","14.5","4.4","18.9","3.274","42.7"
"전라남도","Male","2022","13.7","31.9","45.6","40.5","11.7","2.1","13.8","3.431","38.7"
"전라남도","Male","2023","15","28.1","43.1","44.1","10.9","1.9","12.8","3.434","40.9"
"전라남도","Male","2024","10.8","30.5","41.3","45.6","11.3","1.7","13","3.371","53.6"
"전라남도","Female","2020","12.2","25.3","37.5","51.7","9.4","1.4","10.8","3.375","15.6"
"전라남도","Female","2021","10.5","26.7","37.2","45.2","14.8","2.7","17.5","3.272","17.6"
"전라남도","Female","2022","10.7","33.1","43.8","42.6","11","2.6","13.6","3.383","14.5"
"전라남도","Female","2023","12","28.8","40.8","49.4","7.3","2.5","9.8","3.405","17.4"
"전라남도","Female","2024","9.9","29.2","39.1","45.2","13.8","1.9","15.7","3.314","15.1"
"경상북도","Total","2020","9.7","24.7","34.4","52.5","11.4","1.7","13.1","3.293","28.6"
"경상북도","Total","2021","7.7","19.8","27.5","46.9","20.8","4.8","25.6","3.048","29"
"경상북도","Total","2022","11.5","32.3","43.8","42.4","11.8","2","13.8","3.395","26.8"
"경상북도","Total","2023","10.2","27.9","38.1","47.1","12","2.7","14.7","3.306","30.5"
"경상북도","Total","2024","9.2","31.7","40.9","46.2","10.7","2.2","12.9","3.35","31.6"
"경상북도","Male","2020","10.9","24.4","35.3","52.5","9.9","2.2","12.1","3.316","37.8"
"경상북도","Male","2021","8.1","19","27.1","47.6","19.7","5.5","25.2","3.042","40.8"
"경상북도","Male","2022","13","31.6","44.6","41.5","12.1","1.9","14","3.42","38.8"
"경상북도","Male","2023","10.7","30.5","41.2","44.3","12.1","2.4","14.5","3.35","44.2"
"경상북도","Male","2024","10.4","31.8","42.2","44","11.3","2.6","13.9","3.364","46.6"
"경상북도","Female","2020","8.5","24.9","33.4","52.6","12.8","1.3","14.1","3.268","19.3"
"경상북도","Female","2021","7.2","20.6","27.8","46.2","21.9","4.1","26","3.049","17.1"
"경상북도","Female","2022","10.1","33","43.1","43.3","11.5","2.2","13.7","3.376","14.7"
"경상북도","Female","2023","9.8","25.3","35.1","50","12","3","15","3.272","16.6"
"경상북도","Female","2024","8","31.7","39.7","48.4","10.1","1.9","12","3.341","16.3"
"경상남도","Total","2020","14.6","31.3","45.9","43","9.3","1.8","11.1","3.476","25.3"
"경상남도","Total","2021","8.2","24.1","32.3","45.4","18","4.2","22.2","3.138","26.3"
"경상남도","Total","2022","10.1","32.8","42.9","43.1","12.1","1.9","14","3.371","26.7"
"경상남도","Total","2023","10.7","33.7","44.4","43.6","9.7","2.4","12.1","3.409","28.5"
"경상남도","Total","2024","10.4","32.5","42.9","45.2","10.3","1.5","11.8","3.397","28.5"
"경상남도","Male","2020","16","31.6","47.6","41.9","8.5","2.1","10.6","3.512","36.3"
"경상남도","Male","2021","8.4","23","31.4","45.2","17.9","5.5","23.4","3.109","37.6"
"경상남도","Male","2022","10.9","33.1","44","42.6","11.3","2.1","13.4","3.394","39.7"
"경상남도","Male","2023","11.3","34.8","46.1","42","9.5","2.5","12","3.432","39.3"
"경상남도","Male","2024","10.3","32.8","43.1","44.5","10.9","1.5","12.4","3.395","40.8"
"경상남도","Female","2020","13.2","30.9","44.1","44.2","10.2","1.5","11.7","3.441","14.3"
"경상남도","Female","2021","8","25.2","33.2","45.6","18.1","3","21.1","3.168","14.9"
"경상남도","Female","2022","9.4","32.6","42","43.5","12.8","1.6","14.4","3.351","13.6"
"경상남도","Female","2023","10.2","32.5","42.7","45.1","10","2.3","12.3","3.386","17.6"
"경상남도","Female","2024","10.5","32.2","42.7","46","9.7","1.5","11.2","3.402","16"
"제주특별자치도","Total","2020","15.3","32.6","47.9","41.5","8.8","1.8","10.6","3.508","30"
"제주특별자치도","Total","2021","13.7","24.8","38.5","41.7","15.8","4","19.8","3.284","26.1"
"제주특별자치도","Total","2022","14.5","33.7","48.2","40.7","9.4","1.8","11.2","3.5","26"
"제주특별자치도","Total","2023","13.1","31.6","44.7","42.9","9","3.3","12.3","3.419","30.5"
"제주특별자치도","Total","2024","12.8","30.6","43.4","46.4","8.4","1.8","10.2","3.442","36.3"
"제주특별자치도","Male","2020","16.6","32.2","48.8","41.8","8","1.4","9.4","3.546","42.6"
"제주특별자치도","Male","2021","14.3","24.1","38.4","42.4","14.4","4.8","19.2","3.287","41"
"제주특별자치도","Male","2022","15.2","32.8","48","41.5","8.6","1.9","10.5","3.508","41.8"
"제주특별자치도","Male","2023","14","31.7","45.7","40.4","10.2","3.7","13.9","3.421","45.4"
"제주특별자치도","Male","2024","12.8","29.6","42.4","47.2","8.1","2.3","10.4","3.425","55.3"
"제주특별자치도","Female","2020","14","32.9","46.9","41.3","9.6","2.2","11.8","3.469","17.2"
"제주특별자치도","Female","2021","13.1","25.5","38.6","41","17.1","3.3","20.4","3.28","11.1"
"제주특별자치도","Female","2022","13.8","34.5","48.3","39.8","10.1","1.7","11.8","3.483","10.1"
"제주특별자치도","Female","2023","12.3","31.5","43.8","45.4","7.9","2.9","10.8","3.424","15.5"
"제주특별자치도","Female","2024","12.7","31.6","44.3","45.7","8.7","1.4","10.1","3.458","17.3"
